date,county,total_duration,num_instances,month_year,CODE,Conventional Households,Mains Electricity,UNIT_AREA,UNIT_PERIM,COUNT,COUNTY_NAM,TOTAL_POP,POP_DENSIT,Latitude,Longitude,CHME,PPH
2024-09-30,mombasa,16.0,2.0,2024-09,1,376295,85.9,0.023356,0.967209,34,Mombasa,1208333,517.3544271,-4.0435,40.0,323237,3.0
2024-10-31,mombasa,8.0,1.0,2024-10,1,376295,85.9,0.023356,0.967209,34,Mombasa,1208333,517.3544271,-4.0435,40.0,323237,3.0
2024-12-31,mombasa,24.0,3.0,2024-12,1,376295,85.9,0.023356,0.967209,34,Mombasa,1208333,517.3544271,-4.0435,40.0,323237,3.0
2025-01-31,mombasa,40.0,5.0,2025-01,1,376295,85.9,0.023356,0.967209,34,Mombasa,1208333,517.3544271,-4.0435,40.0,323237,3.0
2025-02-28,mombasa,20.0,3.0,2025-02,1,376295,85.9,0.023356,0.967209,34,Mombasa,1208333,517.3544271,-4.0435,40.0,323237,3.0
2025-03-31,mombasa,56.0,7.0,2025-03,1,376295,85.9,0.023356,0.967209,34,Mombasa,1208333,517.3544271,-4.0435,40.0,323237,3.0
2025-04-30,mombasa,56.0,7.0,2025-04,1,376295,85.9,0.023356,0.967209,34,Mombasa,1208333,517.3544271,-4.0435,40.0,323237,3.0
2025-05-31,mombasa,56.0,7.0,2025-05,1,376295,85.9,0.023356,0.967209,34,Mombasa,1208333,517.3544271,-4.0435,40.0,323237,3.0
2025-06-30,mombasa,32.0,4.0,2025-06,1,376295,85.9,0.023356,0.967209,34,Mombasa,1208333,517.3544271,-4.0435,40.0,323237,3.0
2025-07-31,mombasa,93.0,12.0,2025-07,1,376295,85.9,0.023356,0.967209,34,Mombasa,1208333,517.3544271,-4.0435,40.0,323237,3.0
2025-08-31,mombasa,88.0,11.0,2025-08,1,376295,85.9,0.023356,0.967209,34,Mombasa,1208333,517.3544271,-4.0435,40.0,323237,3.0
2025-09-30,mombasa,80.0,10.0,2025-09,1,376295,85.9,0.023356,0.967209,34,Mombasa,1208333,517.3544271,-4.0435,40.0,323237,3.0
2024-09-30,kwale,10.0,2.0,2024-09,2,172802,31.5,0.75834,4.37879,83,Kwale,866820,11.43049292,-3.9737,39.1521,54433,5.0
2025-01-31,kwale,24.0,3.0,2025-01,2,172802,31.5,0.75834,4.37879,83,Kwale,866820,11.43049292,-3.9737,39.1521,54433,5.0
2025-02-28,kwale,6.0,1.0,2025-02,2,172802,31.5,0.75834,4.37879,83,Kwale,866820,11.43049292,-3.9737,39.1521,54433,5.0
2025-03-31,kwale,30.0,4.0,2025-03,2,172802,31.5,0.75834,4.37879,83,Kwale,866820,11.43049292,-3.9737,39.1521,54433,5.0
2025-04-30,kwale,7.0,1.0,2025-04,2,172802,31.5,0.75834,4.37879,83,Kwale,866820,11.43049292,-3.9737,39.1521,54433,5.0
2025-05-31,kwale,13.0,3.0,2025-05,2,172802,31.5,0.75834,4.37879,83,Kwale,866820,11.43049292,-3.9737,39.1521,54433,5.0
2025-06-30,kwale,20.0,3.0,2025-06,2,172802,31.5,0.75834,4.37879,83,Kwale,866820,11.43049292,-3.9737,39.1521,54433,5.0
2025-07-31,kwale,15.0,2.0,2025-07,2,172802,31.5,0.75834,4.37879,83,Kwale,866820,11.43049292,-3.9737,39.1521,54433,5.0
2025-08-31,kwale,32.0,4.0,2025-08,2,172802,31.5,0.75834,4.37879,83,Kwale,866820,11.43049292,-3.9737,39.1521,54433,5.0
2025-09-30,kwale,40.0,5.0,2025-09,2,172802,31.5,0.75834,4.37879,83,Kwale,866820,11.43049292,-3.9737,39.1521,54433,5.0
2024-01-31,kilifi,8.0,1.0,2024-01,3,297990,38.5,0.391775,3.909102,107,Kilifi,1453787,37.10770212,-3.5107,39.9093,114726,5.0
2024-09-30,kilifi,74.0,9.0,2024-09,3,297990,38.5,0.391775,3.909102,107,Kilifi,1453787,37.10770212,-3.5107,39.9093,114726,5.0
2024-10-31,kilifi,8.0,1.0,2024-10,3,297990,38.5,0.391775,3.909102,107,Kilifi,1453787,37.10770212,-3.5107,39.9093,114726,5.0
2024-12-31,kilifi,8.0,1.0,2024-12,3,297990,38.5,0.391775,3.909102,107,Kilifi,1453787,37.10770212,-3.5107,39.9093,114726,5.0
2025-01-31,kilifi,64.0,8.0,2025-01,3,297990,38.5,0.391775,3.909102,107,Kilifi,1453787,37.10770212,-3.5107,39.9093,114726,5.0
2025-02-28,kilifi,56.0,7.0,2025-02,3,297990,38.5,0.391775,3.909102,107,Kilifi,1453787,37.10770212,-3.5107,39.9093,114726,5.0
2025-03-31,kilifi,341.5,43.0,2025-03,3,297990,38.5,0.391775,3.909102,107,Kilifi,1453787,37.10770212,-3.5107,39.9093,114726,5.0
2025-04-30,kilifi,32.0,4.0,2025-04,3,297990,38.5,0.391775,3.909102,107,Kilifi,1453787,37.10770212,-3.5107,39.9093,114726,5.0
2025-05-31,kilifi,53.0,7.0,2025-05,3,297990,38.5,0.391775,3.909102,107,Kilifi,1453787,37.10770212,-3.5107,39.9093,114726,5.0
2025-06-30,kilifi,56.0,7.0,2025-06,3,297990,38.5,0.391775,3.909102,107,Kilifi,1453787,37.10770212,-3.5107,39.9093,114726,5.0
2025-07-31,kilifi,54.0,7.0,2025-07,3,297990,38.5,0.391775,3.909102,107,Kilifi,1453787,37.10770212,-3.5107,39.9093,114726,5.0
2025-08-31,kilifi,40.0,5.0,2025-08,3,297990,38.5,0.391775,3.909102,107,Kilifi,1453787,37.10770212,-3.5107,39.9093,114726,5.0
2025-09-30,kilifi,80.0,10.0,2025-09,3,297990,38.5,0.391775,3.909102,107,Kilifi,1453787,37.10770212,-3.5107,39.9093,114726,5.0
2024-09-30,tana river,16.0,2.0,2024-09,4,66984,25.6,3.185316,10.410747,92,Tana River,315943,0.9918733338,-1.65,40.05,17148,5.0
2025-03-31,tana river,8.0,1.0,2025-03,4,66984,25.6,3.185316,10.410747,92,Tana River,315943,0.9918733338,-1.65,40.05,17148,5.0
2025-06-30,tana river,8.0,1.0,2025-06,4,66984,25.6,3.185316,10.410747,92,Tana River,315943,0.9918733338,-1.65,40.05,17148,5.0
2025-07-31,tana river,16.0,2.0,2025-07,4,66984,25.6,3.185316,10.410747,92,Tana River,315943,0.9918733338,-1.65,40.05,17148,5.0
2025-08-31,tana river,28.0,4.0,2025-08,4,66984,25.6,3.185316,10.410747,92,Tana River,315943,0.9918733338,-1.65,40.05,17148,5.0
2024-10-31,lamu,72.0,9.0,2024-10,5,34231,43.2,0.743918,3.771571,40,Lamu,143920,1.934621827,-2.2717,40.902,14788,4.0
2025-03-31,lamu,8.0,1.0,2025-03,5,34231,43.2,0.743918,3.771571,40,Lamu,143920,1.934621827,-2.2717,40.902,14788,4.0
2025-06-30,lamu,8.0,1.0,2025-06,5,34231,43.2,0.743918,3.771571,40,Lamu,143920,1.934621827,-2.2717,40.902,14788,4.0
2025-02-28,taita–taveta,28.0,4.0,2025-02,6,94468,47.6,1.394121,5.835375,77,Taita Taveta,340671,2.443625768,-3.3167,38.4833,44967,4.0
2025-03-31,taita–taveta,16.0,2.0,2025-03,6,94468,47.6,1.394121,5.835375,77,Taita Taveta,340671,2.443625768,-3.3167,38.4833,44967,4.0
2025-05-31,taita–taveta,16.0,2.0,2025-05,6,94468,47.6,1.394121,5.835375,77,Taita Taveta,340671,2.443625768,-3.3167,38.4833,44967,4.0
2025-07-31,taita–taveta,16.0,2.0,2025-07,6,94468,47.6,1.394121,5.835375,77,Taita Taveta,340671,2.443625768,-3.3167,38.4833,44967,4.0
2025-08-31,taita–taveta,29.0,4.0,2025-08,6,94468,47.6,1.394121,5.835375,77,Taita Taveta,340671,2.443625768,-3.3167,38.4833,44967,4.0
2025-09-30,taita–taveta,16.0,2.0,2025-09,6,94468,47.6,1.394121,5.835375,77,Taita Taveta,340671,2.443625768,-3.3167,38.4833,44967,4.0
2024-09-30,garissa,14.0,2.0,2024-09,7,138940,23.5,2.873839,9.461324,65,Garissa,841353,2.92762747,-0.4534,39.646,32651,6.0
2025-02-28,garissa,8.5,1.0,2025-02,7,138940,23.5,2.873839,9.461324,65,Garissa,841353,2.92762747,-0.4534,39.646,32651,6.0
2025-04-30,garissa,8.0,1.0,2025-04,7,138940,23.5,2.873839,9.461324,65,Garissa,841353,2.92762747,-0.4534,39.646,32651,6.0
2025-05-31,garissa,8.0,1.0,2025-05,7,138940,23.5,2.873839,9.461324,65,Garissa,841353,2.92762747,-0.4534,39.646,32651,6.0
2025-06-30,garissa,8.0,1.0,2025-06,7,138940,23.5,2.873839,9.461324,65,Garissa,841353,2.92762747,-0.4534,39.646,32651,6.0
,,,,,8,126878,14.1,4.606753,10.063932,96,Wajir,781263,1.695908159,1.75,40.0667,17890,6.0
,,,,,9,123954,15.7,2.114494,7.340257,100,Mandera,867457,4.102433017,3.9373,41.8569,19461,7.0
2025-03-31,marsabit,18.0,3.0,2025-03,10,76689,21.3,5.425059,10.593218,63,Marsabit,459785,0.8475207366,2.3333,37.9833,16335,6.0
2024-09-30,isiolo,9.0,1.0,2024-09,11,53217,40.6,2.063787,10.33129,44,Isiolo,268002,1.298593314,0.3524,37.5822,21606,5.0
2024-12-31,isiolo,7.0,1.0,2024-12,11,53217,40.6,2.063787,10.33129,44,Isiolo,268002,1.298593314,0.3524,37.5822,21606,5.0
2025-01-31,isiolo,7.0,1.0,2025-01,11,53217,40.6,2.063787,10.33129,44,Isiolo,268002,1.298593314,0.3524,37.5822,21606,5.0
2025-02-28,isiolo,7.0,1.0,2025-02,11,53217,40.6,2.063787,10.33129,44,Isiolo,268002,1.298593314,0.3524,37.5822,21606,5.0
2025-05-31,isiolo,8.0,1.0,2025-05,11,53217,40.6,2.063787,10.33129,44,Isiolo,268002,1.298593314,0.3524,37.5822,21606,5.0
2025-09-30,isiolo,16.0,2.0,2025-09,11,53217,40.6,2.063787,10.33129,44,Isiolo,268002,1.298593314,0.3524,37.5822,21606,5.0
2024-09-30,meru,38.0,5.0,2024-09,12,423931,40.2,0.247808,2.52279,146,Meru,1545714,62.3754681,0.3556,37.8088,170420,4.0
2024-10-31,meru,16.0,2.0,2024-10,12,423931,40.2,0.247808,2.52279,146,Meru,1545714,62.3754681,0.3556,37.8088,170420,4.0
2025-01-31,meru,8.0,1.0,2025-01,12,423931,40.2,0.247808,2.52279,146,Meru,1545714,62.3754681,0.3556,37.8088,170420,4.0
2025-02-28,meru,43.5,5.0,2025-02,12,423931,40.2,0.247808,2.52279,146,Meru,1545714,62.3754681,0.3556,37.8088,170420,4.0
2025-03-31,meru,78.5,9.0,2025-03,12,423931,40.2,0.247808,2.52279,146,Meru,1545714,62.3754681,0.3556,37.8088,170420,4.0
2025-04-30,meru,35.5,4.0,2025-04,12,423931,40.2,0.247808,2.52279,146,Meru,1545714,62.3754681,0.3556,37.8088,170420,4.0
2025-06-30,meru,9.0,1.0,2025-06,12,423931,40.2,0.247808,2.52279,146,Meru,1545714,62.3754681,0.3556,37.8088,170420,4.0
2025-07-31,meru,52.5,6.0,2025-07,12,423931,40.2,0.247808,2.52279,146,Meru,1545714,62.3754681,0.3556,37.8088,170420,4.0
2025-08-31,meru,45.0,5.0,2025-08,12,423931,40.2,0.247808,2.52279,146,Meru,1545714,62.3754681,0.3556,37.8088,170420,4.0
2025-09-30,meru,51.5,6.0,2025-09,12,423931,40.2,0.247808,2.52279,146,Meru,1545714,62.3754681,0.3556,37.8088,170420,4.0
2024-07-31,tharaka-nithi,8.5,1.0,2024-07,13,109450,34.7,0.089623,1.706179,75,Tharaka Nithi,393177,43.87010031,-0.3333,37.7167,37979,4.0
2024-12-31,tharaka-nithi,17.0,2.0,2024-12,13,109450,34.7,0.089623,1.706179,75,Tharaka Nithi,393177,43.87010031,-0.3333,37.7167,37979,4.0
2025-02-28,tharaka-nithi,16.0,2.0,2025-02,13,109450,34.7,0.089623,1.706179,75,Tharaka Nithi,393177,43.87010031,-0.3333,37.7167,37979,4.0
2025-03-31,tharaka-nithi,50.0,6.0,2025-03,13,109450,34.7,0.089623,1.706179,75,Tharaka Nithi,393177,43.87010031,-0.3333,37.7167,37979,4.0
2025-04-30,tharaka-nithi,7.5,1.0,2025-04,13,109450,34.7,0.089623,1.706179,75,Tharaka Nithi,393177,43.87010031,-0.3333,37.7167,37979,4.0
2025-05-31,tharaka-nithi,18.0,2.0,2025-05,13,109450,34.7,0.089623,1.706179,75,Tharaka Nithi,393177,43.87010031,-0.3333,37.7167,37979,4.0
2025-06-30,tharaka-nithi,9.0,1.0,2025-06,13,109450,34.7,0.089623,1.706179,75,Tharaka Nithi,393177,43.87010031,-0.3333,37.7167,37979,4.0
2025-07-31,tharaka-nithi,25.5,3.0,2025-07,13,109450,34.7,0.089623,1.706179,75,Tharaka Nithi,393177,43.87010031,-0.3333,37.7167,37979,4.0
2025-08-31,tharaka-nithi,25.5,3.0,2025-08,13,109450,34.7,0.089623,1.706179,75,Tharaka Nithi,393177,43.87010031,-0.3333,37.7167,37979,4.0
2024-09-30,embu,87.0,11.0,2024-09,14,182427,47.0,0.059311,1.503596,52,Embu,608599,102.6114886,-0.5333,37.45,85741,3.0
2024-10-31,embu,8.0,1.0,2024-10,14,182427,47.0,0.059311,1.503596,52,Embu,608599,102.6114886,-0.5333,37.45,85741,3.0
2024-11-30,embu,17.0,2.0,2024-11,14,182427,47.0,0.059311,1.503596,52,Embu,608599,102.6114886,-0.5333,37.45,85741,3.0
2024-12-31,embu,23.0,3.0,2024-12,14,182427,47.0,0.059311,1.503596,52,Embu,608599,102.6114886,-0.5333,37.45,85741,3.0
2025-01-31,embu,23.5,3.0,2025-01,14,182427,47.0,0.059311,1.503596,52,Embu,608599,102.6114886,-0.5333,37.45,85741,3.0
2025-02-28,embu,24.5,3.0,2025-02,14,182427,47.0,0.059311,1.503596,52,Embu,608599,102.6114886,-0.5333,37.45,85741,3.0
2025-03-31,embu,24.5,3.0,2025-03,14,182427,47.0,0.059311,1.503596,52,Embu,608599,102.6114886,-0.5333,37.45,85741,3.0
2025-04-30,embu,356.0,45.0,2025-04,14,182427,47.0,0.059311,1.503596,52,Embu,608599,102.6114886,-0.5333,37.45,85741,3.0
2025-05-31,embu,51.0,6.0,2025-05,14,182427,47.0,0.059311,1.503596,52,Embu,608599,102.6114886,-0.5333,37.45,85741,3.0
2025-06-30,embu,16.5,2.0,2025-06,14,182427,47.0,0.059311,1.503596,52,Embu,608599,102.6114886,-0.5333,37.45,85741,3.0
2025-07-31,embu,26.0,3.0,2025-07,14,182427,47.0,0.059311,1.503596,52,Embu,608599,102.6114886,-0.5333,37.45,85741,3.0
2025-08-31,embu,24.5,3.0,2025-08,14,182427,47.0,0.059311,1.503596,52,Embu,608599,102.6114886,-0.5333,37.45,85741,3.0
2025-09-30,embu,25.0,3.0,2025-09,14,182427,47.0,0.059311,1.503596,52,Embu,608599,102.6114886,-0.5333,37.45,85741,3.0
2024-09-30,kitui,8.0,1.0,2024-09,15,261814,17.1,1.65288,7.60173,187,Kitui,1136187,6.873983592,-1.3667,38.0167,44770,4.0
2024-10-31,kitui,8.0,1.0,2024-10,15,261814,17.1,1.65288,7.60173,187,Kitui,1136187,6.873983592,-1.3667,38.0167,44770,4.0
2025-01-31,kitui,3.0,1.0,2025-01,15,261814,17.1,1.65288,7.60173,187,Kitui,1136187,6.873983592,-1.3667,38.0167,44770,4.0
2025-02-28,kitui,8.0,1.0,2025-02,15,261814,17.1,1.65288,7.60173,187,Kitui,1136187,6.873983592,-1.3667,38.0167,44770,4.0
2025-03-31,kitui,32.0,4.0,2025-03,15,261814,17.1,1.65288,7.60173,187,Kitui,1136187,6.873983592,-1.3667,38.0167,44770,4.0
2025-04-30,kitui,8.0,1.0,2025-04,15,261814,17.1,1.65288,7.60173,187,Kitui,1136187,6.873983592,-1.3667,38.0167,44770,4.0
2025-05-31,kitui,8.0,1.0,2025-05,15,261814,17.1,1.65288,7.60173,187,Kitui,1136187,6.873983592,-1.3667,38.0167,44770,4.0
2025-06-30,kitui,24.0,3.0,2025-06,15,261814,17.1,1.65288,7.60173,187,Kitui,1136187,6.873983592,-1.3667,38.0167,44770,4.0
2025-07-31,kitui,40.0,5.0,2025-07,15,261814,17.1,1.65288,7.60173,187,Kitui,1136187,6.873983592,-1.3667,38.0167,44770,4.0
2025-08-31,kitui,32.0,4.0,2025-08,15,261814,17.1,1.65288,7.60173,187,Kitui,1136187,6.873983592,-1.3667,38.0167,44770,4.0
2025-09-30,kitui,40.0,5.0,2025-09,15,261814,17.1,1.65288,7.60173,187,Kitui,1136187,6.873983592,-1.3667,38.0167,44770,4.0
2024-09-30,machakos,21.0,3.0,2024-09,16,399523,48.3,0.491152,6.216976,225,Machakos,1421932,28.95095612,-1.5167,37.2667,192970,4.0
2024-10-31,machakos,29.0,4.0,2024-10,16,399523,48.3,0.491152,6.216976,225,Machakos,1421932,28.95095612,-1.5167,37.2667,192970,4.0
2025-02-28,machakos,5.0,1.0,2025-02,16,399523,48.3,0.491152,6.216976,225,Machakos,1421932,28.95095612,-1.5167,37.2667,192970,4.0
2025-03-31,machakos,35.0,5.0,2025-03,16,399523,48.3,0.491152,6.216976,225,Machakos,1421932,28.95095612,-1.5167,37.2667,192970,4.0
2025-04-30,machakos,17.0,2.0,2025-04,16,399523,48.3,0.491152,6.216976,225,Machakos,1421932,28.95095612,-1.5167,37.2667,192970,4.0
2025-05-31,machakos,27.0,4.0,2025-05,16,399523,48.3,0.491152,6.216976,225,Machakos,1421932,28.95095612,-1.5167,37.2667,192970,4.0
2025-06-30,machakos,8.0,1.0,2025-06,16,399523,48.3,0.491152,6.216976,225,Machakos,1421932,28.95095612,-1.5167,37.2667,192970,4.0
2025-07-31,machakos,24.0,3.0,2025-07,16,399523,48.3,0.491152,6.216976,225,Machakos,1421932,28.95095612,-1.5167,37.2667,192970,4.0
2025-08-31,machakos,30.0,3.0,2025-08,16,399523,48.3,0.491152,6.216976,225,Machakos,1421932,28.95095612,-1.5167,37.2667,192970,4.0
2025-09-30,machakos,62.0,7.0,2025-09,16,399523,48.3,0.491152,6.216976,225,Machakos,1421932,28.95095612,-1.5167,37.2667,192970,4.0
2024-07-31,makueni,16.0,2.0,2024-07,17,243979,20.4,0.664615,6.066572,191,Makueni,987653,14.86052828,-1.75,37.6167,49772,4.0
2024-09-30,makueni,24.0,3.0,2024-09,17,243979,20.4,0.664615,6.066572,191,Makueni,987653,14.86052828,-1.75,37.6167,49772,4.0
2024-10-31,makueni,10.0,2.0,2024-10,17,243979,20.4,0.664615,6.066572,191,Makueni,987653,14.86052828,-1.75,37.6167,49772,4.0
2025-03-31,makueni,16.0,2.0,2025-03,17,243979,20.4,0.664615,6.066572,191,Makueni,987653,14.86052828,-1.75,37.6167,49772,4.0
2025-04-30,makueni,8.0,1.0,2025-04,17,243979,20.4,0.664615,6.066572,191,Makueni,987653,14.86052828,-1.75,37.6167,49772,4.0
2025-05-31,makueni,8.5,1.0,2025-05,17,243979,20.4,0.664615,6.066572,191,Makueni,987653,14.86052828,-1.75,37.6167,49772,4.0
2025-06-30,makueni,16.0,2.0,2025-06,17,243979,20.4,0.664615,6.066572,191,Makueni,987653,14.86052828,-1.75,37.6167,49772,4.0
2025-07-31,makueni,8.0,1.0,2025-07,17,243979,20.4,0.664615,6.066572,191,Makueni,987653,14.86052828,-1.75,37.6167,49772,4.0
2025-08-31,makueni,24.0,3.0,2025-08,17,243979,20.4,0.664615,6.066572,191,Makueni,987653,14.86052828,-1.75,37.6167,49772,4.0
2025-09-30,makueni,8.0,1.0,2025-09,17,243979,20.4,0.664615,6.066572,191,Makueni,987653,14.86052828,-1.75,37.6167,49772,4.0
2024-09-30,nyandarua,16.0,2.0,2024-09,18,178224,41.3,0.265387,3.642147,79,Nyandarua,638289,24.05125345,-0.3167,36.65,73607,4.0
2025-03-31,nyandarua,16.0,2.0,2025-03,18,178224,41.3,0.265387,3.642147,79,Nyandarua,638289,24.05125345,-0.3167,36.65,73607,4.0
2025-06-30,nyandarua,32.0,4.0,2025-06,18,178224,41.3,0.265387,3.642147,79,Nyandarua,638289,24.05125345,-0.3167,36.65,73607,4.0
2025-09-30,nyandarua,8.0,1.0,2025-09,18,178224,41.3,0.265387,3.642147,79,Nyandarua,638289,24.05125345,-0.3167,36.65,73607,4.0
2024-07-31,nyeri,27.0,3.0,2024-07,19,244564,71.8,0.270912,3.159364,192,Nyeri,759164,28.0225313,-0.4167,37.05,175597,3.0
2024-09-30,nyeri,101.0,12.0,2024-09,19,244564,71.8,0.270912,3.159364,192,Nyeri,759164,28.0225313,-0.4167,37.05,175597,3.0
2024-10-31,nyeri,44.0,5.0,2024-10,19,244564,71.8,0.270912,3.159364,192,Nyeri,759164,28.0225313,-0.4167,37.05,175597,3.0
2024-11-30,nyeri,31.0,4.0,2024-11,19,244564,71.8,0.270912,3.159364,192,Nyeri,759164,28.0225313,-0.4167,37.05,175597,3.0
2024-12-31,nyeri,69.0,8.0,2024-12,19,244564,71.8,0.270912,3.159364,192,Nyeri,759164,28.0225313,-0.4167,37.05,175597,3.0
2025-01-31,nyeri,148.0,17.0,2025-01,19,244564,71.8,0.270912,3.159364,192,Nyeri,759164,28.0225313,-0.4167,37.05,175597,3.0
2025-02-28,nyeri,116.0,14.0,2025-02,19,244564,71.8,0.270912,3.159364,192,Nyeri,759164,28.0225313,-0.4167,37.05,175597,3.0
2025-03-31,nyeri,98.0,11.0,2025-03,19,244564,71.8,0.270912,3.159364,192,Nyeri,759164,28.0225313,-0.4167,37.05,175597,3.0
2025-04-30,nyeri,72.0,9.0,2025-04,19,244564,71.8,0.270912,3.159364,192,Nyeri,759164,28.0225313,-0.4167,37.05,175597,3.0
2025-05-31,nyeri,122.0,15.0,2025-05,19,244564,71.8,0.270912,3.159364,192,Nyeri,759164,28.0225313,-0.4167,37.05,175597,3.0
2025-06-30,nyeri,18.0,2.0,2025-06,19,244564,71.8,0.270912,3.159364,192,Nyeri,759164,28.0225313,-0.4167,37.05,175597,3.0
2025-07-31,nyeri,229.0,26.0,2025-07,19,244564,71.8,0.270912,3.159364,192,Nyeri,759164,28.0225313,-0.4167,37.05,175597,3.0
2025-08-31,nyeri,139.0,16.0,2025-08,19,244564,71.8,0.270912,3.159364,192,Nyeri,759164,28.0225313,-0.4167,37.05,175597,3.0
2025-09-30,nyeri,213.0,25.0,2025-09,19,244564,71.8,0.270912,3.159364,192,Nyeri,759164,28.0225313,-0.4167,37.05,175597,3.0
2024-07-31,kirinyaga,7.0,1.0,2024-07,20,203576,65.3,0.119853,2.024245,81,Kirinyaga,610411,50.92997255,-0.6,37.35,132935,3.0
2024-09-30,kirinyaga,28.0,4.0,2024-09,20,203576,65.3,0.119853,2.024245,81,Kirinyaga,610411,50.92997255,-0.6,37.35,132935,3.0
2024-10-31,kirinyaga,16.0,2.0,2024-10,20,203576,65.3,0.119853,2.024245,81,Kirinyaga,610411,50.92997255,-0.6,37.35,132935,3.0
2024-12-31,kirinyaga,16.0,2.0,2024-12,20,203576,65.3,0.119853,2.024245,81,Kirinyaga,610411,50.92997255,-0.6,37.35,132935,3.0
2025-01-31,kirinyaga,8.0,1.0,2025-01,20,203576,65.3,0.119853,2.024245,81,Kirinyaga,610411,50.92997255,-0.6,37.35,132935,3.0
2025-02-28,kirinyaga,8.0,1.0,2025-02,20,203576,65.3,0.119853,2.024245,81,Kirinyaga,610411,50.92997255,-0.6,37.35,132935,3.0
2025-03-31,kirinyaga,8.0,1.0,2025-03,20,203576,65.3,0.119853,2.024245,81,Kirinyaga,610411,50.92997255,-0.6,37.35,132935,3.0
2025-04-30,kirinyaga,16.0,2.0,2025-04,20,203576,65.3,0.119853,2.024245,81,Kirinyaga,610411,50.92997255,-0.6,37.35,132935,3.0
2025-05-31,kirinyaga,8.0,1.0,2025-05,20,203576,65.3,0.119853,2.024245,81,Kirinyaga,610411,50.92997255,-0.6,37.35,132935,3.0
2025-07-31,kirinyaga,77.5,9.0,2025-07,20,203576,65.3,0.119853,2.024245,81,Kirinyaga,610411,50.92997255,-0.6,37.35,132935,3.0
2025-08-31,kirinyaga,24.0,3.0,2025-08,20,203576,65.3,0.119853,2.024245,81,Kirinyaga,610411,50.92997255,-0.6,37.35,132935,3.0
2025-09-30,kirinyaga,48.0,6.0,2025-09,20,203576,65.3,0.119853,2.024245,81,Kirinyaga,610411,50.92997255,-0.6,37.35,132935,3.0
2024-09-30,murang'a,80.0,10.0,2024-09,21,317496,60.5,0.080291,2.185837,74,Murang'a,1056640,131.6013003,-0.7833,37.05,192085,3.0
2025-02-28,murang'a,40.0,5.0,2025-02,21,317496,60.5,0.080291,2.185837,74,Murang'a,1056640,131.6013003,-0.7833,37.05,192085,3.0
2025-03-31,murang'a,41.5,5.0,2025-03,21,317496,60.5,0.080291,2.185837,74,Murang'a,1056640,131.6013003,-0.7833,37.05,192085,3.0
2025-04-30,murang'a,8.0,1.0,2025-04,21,317496,60.5,0.080291,2.185837,74,Murang'a,1056640,131.6013003,-0.7833,37.05,192085,3.0
2025-05-31,murang'a,56.0,7.0,2025-05,21,317496,60.5,0.080291,2.185837,74,Murang'a,1056640,131.6013003,-0.7833,37.05,192085,3.0
2025-07-31,murang'a,32.0,4.0,2025-07,21,317496,60.5,0.080291,2.185837,74,Murang'a,1056640,131.6013003,-0.7833,37.05,192085,3.0
2025-08-31,murang'a,33.0,4.0,2025-08,21,317496,60.5,0.080291,2.185837,74,Murang'a,1056640,131.6013003,-0.7833,37.05,192085,3.0
2025-09-30,murang'a,99.0,12.0,2025-09,21,317496,60.5,0.080291,2.185837,74,Murang'a,1056640,131.6013003,-0.7833,37.05,192085,3.0
2024-06-30,kiambu,12.0,2.0,2024-06,22,792333,91.7,0.10897,2.275224,112,Kiambu,2417735,221.871616,-1.1667,36.8333,726569,3.0
2024-07-31,kiambu,32.0,4.0,2024-07,22,792333,91.7,0.10897,2.275224,112,Kiambu,2417735,221.871616,-1.1667,36.8333,726569,3.0
2024-09-30,kiambu,136.5,17.0,2024-09,22,792333,91.7,0.10897,2.275224,112,Kiambu,2417735,221.871616,-1.1667,36.8333,726569,3.0
2024-10-31,kiambu,91.0,11.0,2024-10,22,792333,91.7,0.10897,2.275224,112,Kiambu,2417735,221.871616,-1.1667,36.8333,726569,3.0
2024-11-30,kiambu,43.0,6.0,2024-11,22,792333,91.7,0.10897,2.275224,112,Kiambu,2417735,221.871616,-1.1667,36.8333,726569,3.0
2024-12-31,kiambu,40.0,5.0,2024-12,22,792333,91.7,0.10897,2.275224,112,Kiambu,2417735,221.871616,-1.1667,36.8333,726569,3.0
2025-01-31,kiambu,110.0,15.0,2025-01,22,792333,91.7,0.10897,2.275224,112,Kiambu,2417735,221.871616,-1.1667,36.8333,726569,3.0
2025-02-28,kiambu,104.0,13.0,2025-02,22,792333,91.7,0.10897,2.275224,112,Kiambu,2417735,221.871616,-1.1667,36.8333,726569,3.0
2025-03-31,kiambu,88.0,11.0,2025-03,22,792333,91.7,0.10897,2.275224,112,Kiambu,2417735,221.871616,-1.1667,36.8333,726569,3.0
2025-04-30,kiambu,96.0,12.0,2025-04,22,792333,91.7,0.10897,2.275224,112,Kiambu,2417735,221.871616,-1.1667,36.8333,726569,3.0
2025-05-31,kiambu,121.5,15.0,2025-05,22,792333,91.7,0.10897,2.275224,112,Kiambu,2417735,221.871616,-1.1667,36.8333,726569,3.0
2025-06-30,kiambu,72.0,9.0,2025-06,22,792333,91.7,0.10897,2.275224,112,Kiambu,2417735,221.871616,-1.1667,36.8333,726569,3.0
2025-07-31,kiambu,144.0,18.0,2025-07,22,792333,91.7,0.10897,2.275224,112,Kiambu,2417735,221.871616,-1.1667,36.8333,726569,3.0
2025-08-31,kiambu,72.0,9.0,2025-08,22,792333,91.7,0.10897,2.275224,112,Kiambu,2417735,221.871616,-1.1667,36.8333,726569,3.0
2025-09-30,kiambu,98.0,12.0,2025-09,22,792333,91.7,0.10897,2.275224,112,Kiambu,2417735,221.871616,-1.1667,36.8333,726569,3.0
2025-01-31,turkana,18.0,2.0,2025-01,23,162627,8.6,5.708368,14.461664,157,Turkana,926976,1.6238897,3.1224,35.597,13986,6.0
2025-04-30,turkana,8.0,1.0,2025-04,23,162627,8.6,5.708368,14.461664,157,Turkana,926976,1.6238897,3.1224,35.597,13986,6.0
2024-10-31,west pokot,8.0,1.0,2024-10,24,115761,11.8,0.756408,4.809351,197,West Pokot,621241,8.21304111,1.5,35.3333,13660,5.0
2024-11-30,west pokot,8.0,1.0,2024-11,24,115761,11.8,0.756408,4.809351,197,West Pokot,621241,8.21304111,1.5,35.3333,13660,5.0
2025-02-28,west pokot,40.0,5.0,2025-02,24,115761,11.8,0.756408,4.809351,197,West Pokot,621241,8.21304111,1.5,35.3333,13660,5.0
2025-08-31,west pokot,8.0,1.0,2025-08,24,115761,11.8,0.756408,4.809351,197,West Pokot,621241,8.21304111,1.5,35.3333,13660,5.0
2025-09-30,west pokot,64.0,8.0,2025-09,24,115761,11.8,0.756408,4.809351,197,West Pokot,621241,8.21304111,1.5,35.3333,13660,5.0
2025-07-31,samburu,7.0,1.0,2025-07,25,63951,14.8,1.707896,8.135254,108,Samburu,310327,1.817013448,1.2,36.9,9465,5.0
2024-06-30,trans-nzoia,3.0,1.0,2024-06,26,222989,37.9,0.201947,2.530345,55,Trans Nzoia,990341,49.03964902,1.0167,35.0,84513,4.0
2024-09-30,trans-nzoia,48.0,6.0,2024-09,26,222989,37.9,0.201947,2.530345,55,Trans Nzoia,990341,49.03964902,1.0167,35.0,84513,4.0
2025-03-31,trans-nzoia,9.0,2.0,2025-03,26,222989,37.9,0.201947,2.530345,55,Trans Nzoia,990341,49.03964902,1.0167,35.0,84513,4.0
2025-04-30,trans-nzoia,8.0,1.0,2025-04,26,222989,37.9,0.201947,2.530345,55,Trans Nzoia,990341,49.03964902,1.0167,35.0,84513,4.0
2025-05-31,trans-nzoia,40.0,5.0,2025-05,26,222989,37.9,0.201947,2.530345,55,Trans Nzoia,990341,49.03964902,1.0167,35.0,84513,4.0
2025-08-31,trans-nzoia,40.0,5.0,2025-08,26,222989,37.9,0.201947,2.530345,55,Trans Nzoia,990341,49.03964902,1.0167,35.0,84513,4.0
2025-09-30,trans-nzoia,8.0,1.0,2025-09,26,222989,37.9,0.201947,2.530345,55,Trans Nzoia,990341,49.03964902,1.0167,35.0,84513,4.0
2024-08-31,uasin gishu,7.0,1.0,2024-08,27,301110,63.8,0.275902,4.061775,99,Uasin Gishu,1163186,42.15938993,0.6,35.35,192108,4.0
2024-09-30,uasin gishu,46.0,7.0,2024-09,27,301110,63.8,0.275902,4.061775,99,Uasin Gishu,1163186,42.15938993,0.6,35.35,192108,4.0
2024-11-30,uasin gishu,16.0,2.0,2024-11,27,301110,63.8,0.275902,4.061775,99,Uasin Gishu,1163186,42.15938993,0.6,35.35,192108,4.0
2024-12-31,uasin gishu,7.0,1.0,2024-12,27,301110,63.8,0.275902,4.061775,99,Uasin Gishu,1163186,42.15938993,0.6,35.35,192108,4.0
2025-01-31,uasin gishu,63.5,7.0,2025-01,27,301110,63.8,0.275902,4.061775,99,Uasin Gishu,1163186,42.15938993,0.6,35.35,192108,4.0
2025-02-28,uasin gishu,37.0,5.0,2025-02,27,301110,63.8,0.275902,4.061775,99,Uasin Gishu,1163186,42.15938993,0.6,35.35,192108,4.0
2025-03-31,uasin gishu,81.0,11.0,2025-03,27,301110,63.8,0.275902,4.061775,99,Uasin Gishu,1163186,42.15938993,0.6,35.35,192108,4.0
2025-04-30,uasin gishu,128.0,17.0,2025-04,27,301110,63.8,0.275902,4.061775,99,Uasin Gishu,1163186,42.15938993,0.6,35.35,192108,4.0
2025-05-31,uasin gishu,208.0,24.0,2025-05,27,301110,63.8,0.275902,4.061775,99,Uasin Gishu,1163186,42.15938993,0.6,35.35,192108,4.0
2025-06-30,uasin gishu,66.0,8.0,2025-06,27,301110,63.8,0.275902,4.061775,99,Uasin Gishu,1163186,42.15938993,0.6,35.35,192108,4.0
2025-07-31,uasin gishu,30.0,4.0,2025-07,27,301110,63.8,0.275902,4.061775,99,Uasin Gishu,1163186,42.15938993,0.6,35.35,192108,4.0
2025-09-30,uasin gishu,28.0,4.0,2025-09,27,301110,63.8,0.275902,4.061775,99,Uasin Gishu,1163186,42.15938993,0.6,35.35,192108,4.0
2024-09-30,elgeyo-marakwet,22.0,3.0,2024-09,28,99119,24.3,0.116074,2.554823,87,Elgeyo Marakwet,454480,39.15433258,1.05,35.5,24086,5.0
2024-10-31,elgeyo-marakwet,17.0,2.0,2024-10,28,99119,24.3,0.116074,2.554823,87,Elgeyo Marakwet,454480,39.15433258,1.05,35.5,24086,5.0
2025-03-31,elgeyo-marakwet,8.0,1.0,2025-03,28,99119,24.3,0.116074,2.554823,87,Elgeyo Marakwet,454480,39.15433258,1.05,35.5,24086,5.0
2025-04-30,elgeyo-marakwet,7.0,1.0,2025-04,28,99119,24.3,0.116074,2.554823,87,Elgeyo Marakwet,454480,39.15433258,1.05,35.5,24086,5.0
2025-08-31,elgeyo-marakwet,7.0,1.0,2025-08,28,99119,24.3,0.116074,2.554823,87,Elgeyo Marakwet,454480,39.15433258,1.05,35.5,24086,5.0
2025-09-30,elgeyo-marakwet,5.0,1.0,2025-09,28,99119,24.3,0.116074,2.554823,87,Elgeyo Marakwet,454480,39.15433258,1.05,35.5,24086,5.0
2024-09-30,nandi,4.0,1.0,2024-09,29,199040,30.7,0.116509,1.89962,124,Nandi,885711,76.02082243,0.1833,35.1,61105,4.0
2024-12-31,nandi,42.75,5.0,2024-12,29,199040,30.7,0.116509,1.89962,124,Nandi,885711,76.02082243,0.1833,35.1,61105,4.0
2025-01-31,nandi,128.58333333333334,16.0,2025-01,29,199040,30.7,0.116509,1.89962,124,Nandi,885711,76.02082243,0.1833,35.1,61105,4.0
2025-02-28,nandi,44.5,6.0,2025-02,29,199040,30.7,0.116509,1.89962,124,Nandi,885711,76.02082243,0.1833,35.1,61105,4.0
2025-03-31,nandi,30.0,4.0,2025-03,29,199040,30.7,0.116509,1.89962,124,Nandi,885711,76.02082243,0.1833,35.1,61105,4.0
2025-04-30,nandi,6.583333333333333,1.0,2025-04,29,199040,30.7,0.116509,1.89962,124,Nandi,885711,76.02082243,0.1833,35.1,61105,4.0
2025-05-31,nandi,144.0,18.0,2025-05,29,199040,30.7,0.116509,1.89962,124,Nandi,885711,76.02082243,0.1833,35.1,61105,4.0
2025-06-30,nandi,44.5,5.0,2025-06,29,199040,30.7,0.116509,1.89962,124,Nandi,885711,76.02082243,0.1833,35.1,61105,4.0
2025-07-31,nandi,91.0,12.0,2025-07,29,199040,30.7,0.116509,1.89962,124,Nandi,885711,76.02082243,0.1833,35.1,61105,4.0
2025-08-31,nandi,39.0,5.0,2025-08,29,199040,30.7,0.116509,1.89962,124,Nandi,885711,76.02082243,0.1833,35.1,61105,4.0
2025-09-30,nandi,21.0,3.0,2025-09,29,199040,30.7,0.116509,1.89962,124,Nandi,885711,76.02082243,0.1833,35.1,61105,4.0
2025-02-28,baringo,8.0,1.0,2025-02,30,141877,28.3,0.69621,5.468653,172,Baringo,666763,9.577038537,0.4667,35.9833,40151,5.0
2025-06-30,baringo,3.0,1.0,2025-06,30,141877,28.3,0.69621,5.468653,172,Baringo,666763,9.577038537,0.4667,35.9833,40151,5.0
2024-09-30,laikipia,37.5,5.0,2024-09,31,145776,42.2,0.774795,5.480793,65,Laikipia,518560,6.692867146,0.3333,36.5833,61517,4.0
2024-10-31,laikipia,15.0,2.0,2024-10,31,145776,42.2,0.774795,5.480793,65,Laikipia,518560,6.692867146,0.3333,36.5833,61517,4.0
2025-01-31,laikipia,7.5,1.0,2025-01,31,145776,42.2,0.774795,5.480793,65,Laikipia,518560,6.692867146,0.3333,36.5833,61517,4.0
2025-02-28,laikipia,8.0,1.0,2025-02,31,145776,42.2,0.774795,5.480793,65,Laikipia,518560,6.692867146,0.3333,36.5833,61517,4.0
2025-03-31,laikipia,16.0,2.0,2025-03,31,145776,42.2,0.774795,5.480793,65,Laikipia,518560,6.692867146,0.3333,36.5833,61517,4.0
2025-04-30,laikipia,26.0,3.0,2025-04,31,145776,42.2,0.774795,5.480793,65,Laikipia,518560,6.692867146,0.3333,36.5833,61517,4.0
2025-05-31,laikipia,16.0,2.0,2025-05,31,145776,42.2,0.774795,5.480793,65,Laikipia,518560,6.692867146,0.3333,36.5833,61517,4.0
2025-06-30,laikipia,27.0,3.0,2025-06,31,145776,42.2,0.774795,5.480793,65,Laikipia,518560,6.692867146,0.3333,36.5833,61517,4.0
2025-07-31,laikipia,27.0,3.0,2025-07,31,145776,42.2,0.774795,5.480793,65,Laikipia,518560,6.692867146,0.3333,36.5833,61517,4.0
2025-08-31,laikipia,11.0,2.0,2025-08,31,145776,42.2,0.774795,5.480793,65,Laikipia,518560,6.692867146,0.3333,36.5833,61517,4.0
2025-09-30,laikipia,8.0,1.0,2025-09,31,145776,42.2,0.774795,5.480793,65,Laikipia,518560,6.692867146,0.3333,36.5833,61517,4.0
2024-09-30,nakuru,51.0,7.0,2024-09,32,598237,64.4,0.607338,6.590186,152,Nakuru,2162202,35.60129615,-0.3031,36.08,385265,4.0
2025-01-31,nakuru,23.0,3.0,2025-01,32,598237,64.4,0.607338,6.590186,152,Nakuru,2162202,35.60129615,-0.3031,36.08,385265,4.0
2025-02-28,nakuru,16.0,2.0,2025-02,32,598237,64.4,0.607338,6.590186,152,Nakuru,2162202,35.60129615,-0.3031,36.08,385265,4.0
2025-03-31,nakuru,8.0,1.0,2025-03,32,598237,64.4,0.607338,6.590186,152,Nakuru,2162202,35.60129615,-0.3031,36.08,385265,4.0
2025-05-31,nakuru,65.0,9.0,2025-05,32,598237,64.4,0.607338,6.590186,152,Nakuru,2162202,35.60129615,-0.3031,36.08,385265,4.0
2025-06-30,nakuru,31.0,4.0,2025-06,32,598237,64.4,0.607338,6.590186,152,Nakuru,2162202,35.60129615,-0.3031,36.08,385265,4.0
2025-07-31,nakuru,7.0,1.0,2025-07,32,598237,64.4,0.607338,6.590186,152,Nakuru,2162202,35.60129615,-0.3031,36.08,385265,4.0
2025-08-31,nakuru,14.0,2.0,2025-08,32,598237,64.4,0.607338,6.590186,152,Nakuru,2162202,35.60129615,-0.3031,36.08,385265,4.0
2025-09-30,nakuru,22.0,3.0,2025-09,32,598237,64.4,0.607338,6.590186,152,Nakuru,2162202,35.60129615,-0.3031,36.08,385265,4.0
2024-11-30,narok,15.5,2.0,2024-11,33,238115,19.7,1.222793,6.935685,105,Narok,1157873,9.469084301,-1.0833,35.8667,46909,5.0
2025-01-31,narok,29.0,4.0,2025-01,33,238115,19.7,1.222793,6.935685,105,Narok,1157873,9.469084301,-1.0833,35.8667,46909,5.0
2025-02-28,narok,16.0,2.0,2025-02,33,238115,19.7,1.222793,6.935685,105,Narok,1157873,9.469084301,-1.0833,35.8667,46909,5.0
2025-03-31,narok,8.0,1.0,2025-03,33,238115,19.7,1.222793,6.935685,105,Narok,1157873,9.469084301,-1.0833,35.8667,46909,5.0
2025-08-31,narok,8.0,1.0,2025-08,33,238115,19.7,1.222793,6.935685,105,Narok,1157873,9.469084301,-1.0833,35.8667,46909,5.0
2025-09-30,narok,14.0,2.0,2025-09,33,238115,19.7,1.222793,6.935685,105,Narok,1157873,9.469084301,-1.0833,35.8667,46909,5.0
2023-10-31,kajiado,9.0,1.0,2023-10,34,313218,67.4,1.779241,7.457146,120,Kajiado,1117840,6.282678963,-1.85,36.7833,211109,4.0
2024-06-30,kajiado,6.0,1.0,2024-06,34,313218,67.4,1.779241,7.457146,120,Kajiado,1117840,6.282678963,-1.85,36.7833,211109,4.0
2024-09-30,kajiado,8.0,1.0,2024-09,34,313218,67.4,1.779241,7.457146,120,Kajiado,1117840,6.282678963,-1.85,36.7833,211109,4.0
2024-10-31,kajiado,8.0,1.0,2024-10,34,313218,67.4,1.779241,7.457146,120,Kajiado,1117840,6.282678963,-1.85,36.7833,211109,4.0
2024-11-30,kajiado,9.0,1.0,2024-11,34,313218,67.4,1.779241,7.457146,120,Kajiado,1117840,6.282678963,-1.85,36.7833,211109,4.0
2025-02-28,kajiado,27.0,3.0,2025-02,34,313218,67.4,1.779241,7.457146,120,Kajiado,1117840,6.282678963,-1.85,36.7833,211109,4.0
2025-04-30,kajiado,50.0,6.0,2025-04,34,313218,67.4,1.779241,7.457146,120,Kajiado,1117840,6.282678963,-1.85,36.7833,211109,4.0
2025-05-31,kajiado,8.0,1.0,2025-05,34,313218,67.4,1.779241,7.457146,120,Kajiado,1117840,6.282678963,-1.85,36.7833,211109,4.0
2025-07-31,kajiado,26.0,4.0,2025-07,34,313218,67.4,1.779241,7.457146,120,Kajiado,1117840,6.282678963,-1.85,36.7833,211109,4.0
2025-08-31,kajiado,37.0,5.0,2025-08,34,313218,67.4,1.779241,7.457146,120,Kajiado,1117840,6.282678963,-1.85,36.7833,211109,4.0
2025-09-30,kajiado,24.0,3.0,2025-09,34,313218,67.4,1.779241,7.457146,120,Kajiado,1117840,6.282678963,-1.85,36.7833,211109,4.0
2025-06-30,kericho,8.5,1.0,2025-06,35,205932,44.9,0.106271,2.197821,106,Kericho,901777,84.8563578,-0.3677,35.283,92463,4.0
2025-07-31,kericho,34.0,4.0,2025-07,35,205932,44.9,0.106271,2.197821,106,Kericho,901777,84.8563578,-0.3677,35.283,92463,4.0
2025-08-31,kericho,22.0,3.0,2025-08,35,205932,44.9,0.106271,2.197821,106,Kericho,901777,84.8563578,-0.3677,35.283,92463,4.0
2025-09-30,kericho,23.0,3.0,2025-09,35,205932,44.9,0.106271,2.197821,106,Kericho,901777,84.8563578,-0.3677,35.283,92463,4.0
2024-06-30,bomet,7.0,1.0,2024-06,36,187230,22.1,0.11007,2.030379,109,Bomet,875689,79.55746343,-0.7833,35.3333,41378,5.0
2024-07-31,bomet,14.0,2.0,2024-07,36,187230,22.1,0.11007,2.030379,109,Bomet,875689,79.55746343,-0.7833,35.3333,41378,5.0
2024-09-30,bomet,28.0,4.0,2024-09,36,187230,22.1,0.11007,2.030379,109,Bomet,875689,79.55746343,-0.7833,35.3333,41378,5.0
2024-12-31,bomet,25.5,3.0,2024-12,36,187230,22.1,0.11007,2.030379,109,Bomet,875689,79.55746343,-0.7833,35.3333,41378,5.0
2025-01-31,bomet,46.0,7.0,2025-01,36,187230,22.1,0.11007,2.030379,109,Bomet,875689,79.55746343,-0.7833,35.3333,41378,5.0
2025-02-28,bomet,8.0,1.0,2025-02,36,187230,22.1,0.11007,2.030379,109,Bomet,875689,79.55746343,-0.7833,35.3333,41378,5.0
2025-05-31,bomet,14.0,2.0,2025-05,36,187230,22.1,0.11007,2.030379,109,Bomet,875689,79.55746343,-0.7833,35.3333,41378,5.0
2025-07-31,bomet,8.0,1.0,2025-07,36,187230,22.1,0.11007,2.030379,109,Bomet,875689,79.55746343,-0.7833,35.3333,41378,5.0
2025-08-31,bomet,14.0,2.0,2025-08,36,187230,22.1,0.11007,2.030379,109,Bomet,875689,79.55746343,-0.7833,35.3333,41378,5.0
2025-09-30,bomet,15.0,2.0,2025-09,36,187230,22.1,0.11007,2.030379,109,Bomet,875689,79.55746343,-0.7833,35.3333,41378,5.0
2024-09-30,kakamega,48.0,6.0,2024-09,37,432284,25.1,0.076771,2.023831,78,Kakamega,1867579,243.2662073,0.2833,34.75,108503,4.0
2024-10-31,kakamega,46.5,6.0,2024-10,37,432284,25.1,0.076771,2.023831,78,Kakamega,1867579,243.2662073,0.2833,34.75,108503,4.0
2024-11-30,kakamega,61.0,8.0,2024-11,37,432284,25.1,0.076771,2.023831,78,Kakamega,1867579,243.2662073,0.2833,34.75,108503,4.0
2024-12-31,kakamega,40.5,5.0,2024-12,37,432284,25.1,0.076771,2.023831,78,Kakamega,1867579,243.2662073,0.2833,34.75,108503,4.0
2025-02-28,kakamega,40.0,5.0,2025-02,37,432284,25.1,0.076771,2.023831,78,Kakamega,1867579,243.2662073,0.2833,34.75,108503,4.0
2025-03-31,kakamega,24.0,3.0,2025-03,37,432284,25.1,0.076771,2.023831,78,Kakamega,1867579,243.2662073,0.2833,34.75,108503,4.0
2025-04-30,kakamega,48.0,6.0,2025-04,37,432284,25.1,0.076771,2.023831,78,Kakamega,1867579,243.2662073,0.2833,34.75,108503,4.0
2025-05-31,kakamega,72.0,9.0,2025-05,37,432284,25.1,0.076771,2.023831,78,Kakamega,1867579,243.2662073,0.2833,34.75,108503,4.0
2025-06-30,kakamega,40.0,5.0,2025-06,37,432284,25.1,0.076771,2.023831,78,Kakamega,1867579,243.2662073,0.2833,34.75,108503,4.0
2025-07-31,kakamega,17.5,3.0,2025-07,37,432284,25.1,0.076771,2.023831,78,Kakamega,1867579,243.2662073,0.2833,34.75,108503,4.0
2025-08-31,kakamega,32.0,4.0,2025-08,37,432284,25.1,0.076771,2.023831,78,Kakamega,1867579,243.2662073,0.2833,34.75,108503,4.0
2025-09-30,kakamega,41.0,5.0,2025-09,37,432284,25.1,0.076771,2.023831,78,Kakamega,1867579,243.2662073,0.2833,34.75,108503,4.0
2024-09-30,vihiga,34.0,4.0,2024-09,38,143288,38.4,0.045527,1.463902,117,Vihiga,590013,129.5962835,0.0833,34.75,55023,4.0
2025-02-28,vihiga,8.0,1.0,2025-02,38,143288,38.4,0.045527,1.463902,117,Vihiga,590013,129.5962835,0.0833,34.75,55023,4.0
2025-03-31,vihiga,40.5,5.0,2025-03,38,143288,38.4,0.045527,1.463902,117,Vihiga,590013,129.5962835,0.0833,34.75,55023,4.0
2025-04-30,vihiga,8.5,1.0,2025-04,38,143288,38.4,0.045527,1.463902,117,Vihiga,590013,129.5962835,0.0833,34.75,55023,4.0
2025-05-31,vihiga,16.5,2.0,2025-05,38,143288,38.4,0.045527,1.463902,117,Vihiga,590013,129.5962835,0.0833,34.75,55023,4.0
2025-06-30,vihiga,8.0,1.0,2025-06,38,143288,38.4,0.045527,1.463902,117,Vihiga,590013,129.5962835,0.0833,34.75,55023,4.0
2025-07-31,vihiga,25.5,3.0,2025-07,38,143288,38.4,0.045527,1.463902,117,Vihiga,590013,129.5962835,0.0833,34.75,55023,4.0
2025-08-31,vihiga,23.5,3.0,2025-08,38,143288,38.4,0.045527,1.463902,117,Vihiga,590013,129.5962835,0.0833,34.75,55023,4.0
2025-09-30,vihiga,23.5,3.0,2025-09,38,143288,38.4,0.045527,1.463902,117,Vihiga,590013,129.5962835,0.0833,34.75,55023,4.0
2024-09-30,bungoma,18.0,3.0,2024-09,39,357714,21.6,0.167501,2.892534,108,Bungoma,1670570,99.73492696,0.5667,34.5667,77266,5.0
2024-10-31,bungoma,31.0,4.0,2024-10,39,357714,21.6,0.167501,2.892534,108,Bungoma,1670570,99.73492696,0.5667,34.5667,77266,5.0
2024-12-31,bungoma,24.0,4.0,2024-12,39,357714,21.6,0.167501,2.892534,108,Bungoma,1670570,99.73492696,0.5667,34.5667,77266,5.0
2025-01-31,bungoma,22.0,3.0,2025-01,39,357714,21.6,0.167501,2.892534,108,Bungoma,1670570,99.73492696,0.5667,34.5667,77266,5.0
2025-02-28,bungoma,10.0,1.0,2025-02,39,357714,21.6,0.167501,2.892534,108,Bungoma,1670570,99.73492696,0.5667,34.5667,77266,5.0
2025-03-31,bungoma,8.0,1.0,2025-03,39,357714,21.6,0.167501,2.892534,108,Bungoma,1670570,99.73492696,0.5667,34.5667,77266,5.0
2025-04-30,bungoma,42.0,5.0,2025-04,39,357714,21.6,0.167501,2.892534,108,Bungoma,1670570,99.73492696,0.5667,34.5667,77266,5.0
2025-05-31,bungoma,60.0,7.0,2025-05,39,357714,21.6,0.167501,2.892534,108,Bungoma,1670570,99.73492696,0.5667,34.5667,77266,5.0
2025-07-31,bungoma,17.5,2.0,2025-07,39,357714,21.6,0.167501,2.892534,108,Bungoma,1670570,99.73492696,0.5667,34.5667,77266,5.0
2025-09-30,bungoma,16.0,2.0,2025-09,39,357714,21.6,0.167501,2.892534,108,Bungoma,1670570,99.73492696,0.5667,34.5667,77266,5.0
2024-06-30,busia,8.0,1.0,2024-06,40,197944,26.1,0.102212,2.492476,99,Busia,893681,87.43405862,0.45,34.1,51663,5.0
2024-07-31,busia,16.0,2.0,2024-07,40,197944,26.1,0.102212,2.492476,99,Busia,893681,87.43405862,0.45,34.1,51663,5.0
2024-10-31,busia,8.0,1.0,2024-10,40,197944,26.1,0.102212,2.492476,99,Busia,893681,87.43405862,0.45,34.1,51663,5.0
2025-06-30,busia,8.0,1.0,2025-06,40,197944,26.1,0.102212,2.492476,99,Busia,893681,87.43405862,0.45,34.1,51663,5.0
2025-07-31,busia,11.5,2.0,2025-07,40,197944,26.1,0.102212,2.492476,99,Busia,893681,87.43405862,0.45,34.1,51663,5.0
2025-08-31,busia,16.0,2.0,2025-08,40,197944,26.1,0.102212,2.492476,99,Busia,893681,87.43405862,0.45,34.1,51663,5.0
2024-11-30,siaya,26.0,3.0,2024-11,41,249341,19.7,0.161656,1.858956,49,Siaya,993183,61.43805364,0.0667,34.2667,49120,4.0
2025-03-31,siaya,24.0,3.0,2025-03,41,249341,19.7,0.161656,1.858956,49,Siaya,993183,61.43805364,0.0667,34.2667,49120,4.0
2025-05-31,siaya,24.0,3.0,2025-05,41,249341,19.7,0.161656,1.858956,49,Siaya,993183,61.43805364,0.0667,34.2667,49120,4.0
2025-07-31,siaya,26.5,4.0,2025-07,41,249341,19.7,0.161656,1.858956,49,Siaya,993183,61.43805364,0.0667,34.2667,49120,4.0
2025-09-30,siaya,14.0,2.0,2025-09,41,249341,19.7,0.161656,1.858956,49,Siaya,993183,61.43805364,0.0667,34.2667,49120,4.0
2024-07-31,kisumu,6.0,1.0,2024-07,42,296846,52.6,0.080829,1.67012,69,Kisumu,1155574,142.9652724,-0.0917,34.767,156141,4.0
2024-09-30,kisumu,8.0,1.0,2024-09,42,296846,52.6,0.080829,1.67012,69,Kisumu,1155574,142.9652724,-0.0917,34.767,156141,4.0
2024-10-31,kisumu,34.0,5.0,2024-10,42,296846,52.6,0.080829,1.67012,69,Kisumu,1155574,142.9652724,-0.0917,34.767,156141,4.0
2024-11-30,kisumu,47.0,7.0,2024-11,42,296846,52.6,0.080829,1.67012,69,Kisumu,1155574,142.9652724,-0.0917,34.767,156141,4.0
2024-12-31,kisumu,34.0,5.0,2024-12,42,296846,52.6,0.080829,1.67012,69,Kisumu,1155574,142.9652724,-0.0917,34.767,156141,4.0
2025-02-28,kisumu,32.0,4.0,2025-02,42,296846,52.6,0.080829,1.67012,69,Kisumu,1155574,142.9652724,-0.0917,34.767,156141,4.0
2025-03-31,kisumu,23.0,3.0,2025-03,42,296846,52.6,0.080829,1.67012,69,Kisumu,1155574,142.9652724,-0.0917,34.767,156141,4.0
2025-04-30,kisumu,22.0,3.0,2025-04,42,296846,52.6,0.080829,1.67012,69,Kisumu,1155574,142.9652724,-0.0917,34.767,156141,4.0
2025-05-31,kisumu,45.0,6.0,2025-05,42,296846,52.6,0.080829,1.67012,69,Kisumu,1155574,142.9652724,-0.0917,34.767,156141,4.0
2025-06-30,kisumu,9.0,1.0,2025-06,42,296846,52.6,0.080829,1.67012,69,Kisumu,1155574,142.9652724,-0.0917,34.767,156141,4.0
2025-07-31,kisumu,75.5,12.0,2025-07,42,296846,52.6,0.080829,1.67012,69,Kisumu,1155574,142.9652724,-0.0917,34.767,156141,4.0
2025-08-31,kisumu,55.5,7.0,2025-08,42,296846,52.6,0.080829,1.67012,69,Kisumu,1155574,142.9652724,-0.0917,34.767,156141,4.0
2025-09-30,kisumu,49.0,6.0,2025-09,42,296846,52.6,0.080829,1.67012,69,Kisumu,1155574,142.9652724,-0.0917,34.767,156141,4.0
2024-09-30,homa bay,76.0,10.0,2024-09,43,260290,18.4,0.102025,1.939555,77,Homa Bay,1131950,110.948297,-0.5333,34.45,47893,4.0
2024-10-31,homa bay,7.0,1.0,2024-10,43,260290,18.4,0.102025,1.939555,77,Homa Bay,1131950,110.948297,-0.5333,34.45,47893,4.0
2024-11-30,homa bay,42.0,6.0,2024-11,43,260290,18.4,0.102025,1.939555,77,Homa Bay,1131950,110.948297,-0.5333,34.45,47893,4.0
2024-12-31,homa bay,21.0,3.0,2024-12,43,260290,18.4,0.102025,1.939555,77,Homa Bay,1131950,110.948297,-0.5333,34.45,47893,4.0
2025-02-28,homa bay,7.0,1.0,2025-02,43,260290,18.4,0.102025,1.939555,77,Homa Bay,1131950,110.948297,-0.5333,34.45,47893,4.0
2025-03-31,homa bay,21.0,3.0,2025-03,43,260290,18.4,0.102025,1.939555,77,Homa Bay,1131950,110.948297,-0.5333,34.45,47893,4.0
2025-04-30,homa bay,28.0,4.0,2025-04,43,260290,18.4,0.102025,1.939555,77,Homa Bay,1131950,110.948297,-0.5333,34.45,47893,4.0
2025-05-31,homa bay,56.0,7.0,2025-05,43,260290,18.4,0.102025,1.939555,77,Homa Bay,1131950,110.948297,-0.5333,34.45,47893,4.0
2025-06-30,homa bay,53.0,7.0,2025-06,43,260290,18.4,0.102025,1.939555,77,Homa Bay,1131950,110.948297,-0.5333,34.45,47893,4.0
2025-07-31,homa bay,87.0,11.0,2025-07,43,260290,18.4,0.102025,1.939555,77,Homa Bay,1131950,110.948297,-0.5333,34.45,47893,4.0
2025-08-31,homa bay,8.0,1.0,2025-08,43,260290,18.4,0.102025,1.939555,77,Homa Bay,1131950,110.948297,-0.5333,34.45,47893,4.0
2025-09-30,homa bay,16.0,2.0,2025-09,43,260290,18.4,0.102025,1.939555,77,Homa Bay,1131950,110.948297,-0.5333,34.45,47893,4.0
2024-07-31,migori,8.0,1.0,2024-07,44,238133,23.3,0.047272,1.085838,47,Migori,1116436,236.1727873,-1.0667,34.4667,55485,5.0
2024-09-30,migori,36.5,5.0,2024-09,44,238133,23.3,0.047272,1.085838,47,Migori,1116436,236.1727873,-1.0667,34.4667,55485,5.0
2024-10-31,migori,7.0,1.0,2024-10,44,238133,23.3,0.047272,1.085838,47,Migori,1116436,236.1727873,-1.0667,34.4667,55485,5.0
2024-12-31,migori,21.0,3.0,2024-12,44,238133,23.3,0.047272,1.085838,47,Migori,1116436,236.1727873,-1.0667,34.4667,55485,5.0
2025-02-28,migori,7.5,1.0,2025-02,44,238133,23.3,0.047272,1.085838,47,Migori,1116436,236.1727873,-1.0667,34.4667,55485,5.0
2025-04-30,migori,14.0,2.0,2025-04,44,238133,23.3,0.047272,1.085838,47,Migori,1116436,236.1727873,-1.0667,34.4667,55485,5.0
2025-05-31,migori,16.0,2.0,2025-05,44,238133,23.3,0.047272,1.085838,47,Migori,1116436,236.1727873,-1.0667,34.4667,55485,5.0
2025-06-30,migori,8.0,1.0,2025-06,44,238133,23.3,0.047272,1.085838,47,Migori,1116436,236.1727873,-1.0667,34.4667,55485,5.0
2025-07-31,migori,72.0,9.0,2025-07,44,238133,23.3,0.047272,1.085838,47,Migori,1116436,236.1727873,-1.0667,34.4667,55485,5.0
2025-08-31,migori,16.0,2.0,2025-08,44,238133,23.3,0.047272,1.085838,47,Migori,1116436,236.1727873,-1.0667,34.4667,55485,5.0
2025-09-30,migori,16.0,2.0,2025-09,44,238133,23.3,0.047272,1.085838,47,Migori,1116436,236.1727873,-1.0667,34.4667,55485,5.0
2024-09-30,kisii,84.0,10.0,2024-09,45,307254,39.3,0.054016,0.995855,75,Kisii,1266860,234.5342121,-0.6833,34.7667,120751,4.0
2024-10-31,kisii,7.0,1.0,2024-10,45,307254,39.3,0.054016,0.995855,75,Kisii,1266860,234.5342121,-0.6833,34.7667,120751,4.0
2024-12-31,kisii,14.0,2.0,2024-12,45,307254,39.3,0.054016,0.995855,75,Kisii,1266860,234.5342121,-0.6833,34.7667,120751,4.0
2025-01-31,kisii,14.0,2.0,2025-01,45,307254,39.3,0.054016,0.995855,75,Kisii,1266860,234.5342121,-0.6833,34.7667,120751,4.0
2025-02-28,kisii,29.0,4.0,2025-02,45,307254,39.3,0.054016,0.995855,75,Kisii,1266860,234.5342121,-0.6833,34.7667,120751,4.0
2025-04-30,kisii,7.0,1.0,2025-04,45,307254,39.3,0.054016,0.995855,75,Kisii,1266860,234.5342121,-0.6833,34.7667,120751,4.0
2025-05-31,kisii,53.0,7.0,2025-05,45,307254,39.3,0.054016,0.995855,75,Kisii,1266860,234.5342121,-0.6833,34.7667,120751,4.0
2025-06-30,kisii,8.0,1.0,2025-06,45,307254,39.3,0.054016,0.995855,75,Kisii,1266860,234.5342121,-0.6833,34.7667,120751,4.0
2025-07-31,kisii,26.0,4.0,2025-07,45,307254,39.3,0.054016,0.995855,75,Kisii,1266860,234.5342121,-0.6833,34.7667,120751,4.0
2025-08-31,kisii,16.0,2.0,2025-08,45,307254,39.3,0.054016,0.995855,75,Kisii,1266860,234.5342121,-0.6833,34.7667,120751,4.0
2025-09-30,kisii,40.0,5.0,2025-09,45,307254,39.3,0.054016,0.995855,75,Kisii,1266860,234.5342121,-0.6833,34.7667,120751,4.0
2024-09-30,nyamira,14.0,2.0,2024-09,46,150499,42.9,0.072892,1.53731,76,Nyamira,605576,83.07852714,-0.5667,34.9333,64564,4.0
2024-10-31,nyamira,14.0,2.0,2024-10,46,150499,42.9,0.072892,1.53731,76,Nyamira,605576,83.07852714,-0.5667,34.9333,64564,4.0
2024-12-31,nyamira,16.0,3.0,2024-12,46,150499,42.9,0.072892,1.53731,76,Nyamira,605576,83.07852714,-0.5667,34.9333,64564,4.0
2025-03-31,nyamira,7.0,1.0,2025-03,46,150499,42.9,0.072892,1.53731,76,Nyamira,605576,83.07852714,-0.5667,34.9333,64564,4.0
2025-04-30,nyamira,7.0,1.0,2025-04,46,150499,42.9,0.072892,1.53731,76,Nyamira,605576,83.07852714,-0.5667,34.9333,64564,4.0
2025-05-31,nyamira,14.0,2.0,2025-05,46,150499,42.9,0.072892,1.53731,76,Nyamira,605576,83.07852714,-0.5667,34.9333,64564,4.0
2025-06-30,nyamira,25.0,3.0,2025-06,46,150499,42.9,0.072892,1.53731,76,Nyamira,605576,83.07852714,-0.5667,34.9333,64564,4.0
2025-07-31,nyamira,8.0,1.0,2025-07,46,150499,42.9,0.072892,1.53731,76,Nyamira,605576,83.07852714,-0.5667,34.9333,64564,4.0
2025-09-30,nyamira,15.0,2.0,2025-09,46,150499,42.9,0.072892,1.53731,76,Nyamira,605576,83.07852714,-0.5667,34.9333,64564,4.0
2024-06-30,nairobi,16.0,2.0,2024-06,47,1494676,96.5,0.057502,1.68855,107,Nairobi,4397073,764.6817502,-1.2864,36.8172,1442362,3.0
2024-07-31,nairobi,16.0,2.0,2024-07,47,1494676,96.5,0.057502,1.68855,107,Nairobi,4397073,764.6817502,-1.2864,36.8172,1442362,3.0
2024-09-30,nairobi,221.0,29.0,2024-09,47,1494676,96.5,0.057502,1.68855,107,Nairobi,4397073,764.6817502,-1.2864,36.8172,1442362,3.0
2024-10-31,nairobi,100.0,14.0,2024-10,47,1494676,96.5,0.057502,1.68855,107,Nairobi,4397073,764.6817502,-1.2864,36.8172,1442362,3.0
2024-11-30,nairobi,78.0,10.0,2024-11,47,1494676,96.5,0.057502,1.68855,107,Nairobi,4397073,764.6817502,-1.2864,36.8172,1442362,3.0
2024-12-31,nairobi,24.0,3.0,2024-12,47,1494676,96.5,0.057502,1.68855,107,Nairobi,4397073,764.6817502,-1.2864,36.8172,1442362,3.0
2025-01-31,nairobi,136.0,17.0,2025-01,47,1494676,96.5,0.057502,1.68855,107,Nairobi,4397073,764.6817502,-1.2864,36.8172,1442362,3.0
2025-02-28,nairobi,258.5,32.0,2025-02,47,1494676,96.5,0.057502,1.68855,107,Nairobi,4397073,764.6817502,-1.2864,36.8172,1442362,3.0
2025-03-31,nairobi,193.0,24.0,2025-03,47,1494676,96.5,0.057502,1.68855,107,Nairobi,4397073,764.6817502,-1.2864,36.8172,1442362,3.0
2025-04-30,nairobi,128.0,16.0,2025-04,47,1494676,96.5,0.057502,1.68855,107,Nairobi,4397073,764.6817502,-1.2864,36.8172,1442362,3.0
2025-05-31,nairobi,256.0,32.0,2025-05,47,1494676,96.5,0.057502,1.68855,107,Nairobi,4397073,764.6817502,-1.2864,36.8172,1442362,3.0
2025-06-30,nairobi,40.0,5.0,2025-06,47,1494676,96.5,0.057502,1.68855,107,Nairobi,4397073,764.6817502,-1.2864,36.8172,1442362,3.0
2025-07-31,nairobi,256.0,32.0,2025-07,47,1494676,96.5,0.057502,1.68855,107,Nairobi,4397073,764.6817502,-1.2864,36.8172,1442362,3.0
2025-08-31,nairobi,237.0,28.0,2025-08,47,1494676,96.5,0.057502,1.68855,107,Nairobi,4397073,764.6817502,-1.2864,36.8172,1442362,3.0
2025-09-30,nairobi,226.0,28.0,2025-09,47,1494676,96.5,0.057502,1.68855,107,Nairobi,4397073,764.6817502,-1.2864,36.8172,1442362,3.0
